doi	trait
10.1002/csc2.20739	maturity
10.1002/csc2.20739	plant height
10.1002/csc2.20739	test weight
10.1002/csc2.20739	heading
10.1002/csc2.20739	thousand-kernel weight
10.1002/csc2.20739	lodging score
10.1002/csc2.20739	grain protein content
10.1002/csc2.20739	grain yield
10.1007/s00122-014-2435-3	plant height
10.1007/s00122-014-2435-3	peduncle length
10.1007/s00122-014-2435-3	harvest index
10.1007/s00122-014-2435-3	days to maturity
10.1007/s00122-014-2435-3	chlorophyll index (SPAD) at vegetative stage
10.1007/s00122-014-2435-3	chlorophyll index (SPAD) at the grain filling stage
10.1007/s00122-014-2435-3	grain yield per square metre
10.1007/s00122-014-2435-3	biomass at harvest
10.1007/s00122-014-2435-3	normalized difference vegetation index (NDVI) at vegetative stage
10.1007/s00122-014-2435-3	normalized difference vegetation index (NDVI) at grain filling stage
10.1007/s00122-014-2435-3	days to anthesis
10.1007/s00122-014-2435-3	days to heading
10.1007/s00122-014-2435-3	thousand kernel weight
10.1007/s00122-014-2435-3	grain number per square metre
10.1007/s00122-014-2435-3	canopy temperature at vegetative stage
10.1007/s00122-014-2435-3	canopy temperature at grain-filling
10.1007/s00122-015-2492-2	stripe rust seedling response
10.1007/s00122-015-2492-2	stripe rust infection type or disease severity
10.1007/s00122-020-03657-2	infection type
10.1007/s00122-020-03657-2	infected leaf area
10.1007/s00122-020-03657-2	leaf rust resistance
10.1007/s00122-020-03657-2	average ordinate
10.1007/s00122-020-03687-w	thousand grain weight normal-sown
10.1007/s00122-020-03687-w	stress susceptibility index
10.1007/s00122-020-03687-w	thousand grain weight late-sown
10.1007/s00122-021-03769-3	infection types
10.1007/s00122-021-03769-3	maximum disease severity
10.1007/s00122-021-03996-8	salinity tolerance
10.1007/s00122-021-04003-w	sulphur
10.1007/s00122-021-04003-w	leaf rust
10.1007/s00122-021-04003-w	manganese
10.1007/s00122-021-04003-w	phosphorus
10.1007/s00122-021-04003-w	magnesium
10.1007/s00122-021-04003-w	zinc
10.1007/s00122-021-04003-w	stripe rust
10.1007/s00122-021-04003-w	potassium
10.1007/s00122-021-04003-w	iron
10.1007/s00122-021-04003-w	calcium
10.1007/s00122-021-04003-w	boron
10.1007/s00122-021-04003-w	copper
10.1007/s00122-022-04037-8	stripe rust resistance
10.1007/s00122-022-04109-9	deoxynivalenol content
10.1007/s00122-022-04109-9	fusarium head blight
10.1007/s00122-022-04109-9	anther extrusion
10.1007/s00122-022-04109-9	Plant height
10.1007/s00122-022-04109-9	Days to heading
10.1007/s00122-022-04109-9	DON corrected for plant height and days to heading
10.1007/s00122-022-04109-9	FHB disease severity corrected for plant height and days to heading
10.1007/s00122-022-04109-9	Days to anthesis
10.1007/s00122-022-04109-9	Anther retention
10.1007/s00122-022-04171-3	normalized common bunt incidence
10.1007/s00122-022-04202-z	stripe rust severity
10.1007/s00122-022-04210-z	consistent septoria nodorum resistance or sensitivity
10.1007/s10142-018-0630-z	Root dry matter
10.1007/s10142-018-0630-z	Branched root
10.1007/s10142-018-0630-z	Seminal axis length
10.1007/s11032-011-9565-y	fusarium head blight
10.1007/s11105-022-01341-x	plant height
10.1007/s11105-022-01341-x	number of days to heading
10.1007/s11105-022-01341-x	thousand kernel weight
10.1007/s11105-022-01341-x	spike number per plant
10.1007/s11105-022-01341-x	grain yield per plant
10.1007/s11105-022-01341-x	spike length
10.1007/s11105-022-01341-x	leaf chlorophyll content
10.1016/j.ygeno.2020.08.006	salinity tolerance index based on root dry weight
10.1016/j.ygeno.2020.08.006	salinity tolerance index based on shoot dry weight
10.1016/j.ygeno.2020.08.006	salinity tolerance index based on total biomass
10.1016/j.ygeno.2020.08.006	salinity tolerance index based on root shoot ratio (R/S)
10.1016/j.ygeno.2020.08.006	salinity tolerance index based on Na
10.1016/j.ygeno.2020.08.006	salinity tolerance index based on root length
10.1016/j.ygeno.2020.08.006	salinity tolerance index based on shoot length
10.1016/j.ygeno.2020.08.006	salinity tolerance index based on leaf chlorophyll content
10.1016/j.ygeno.2020.08.006	salinity tolerance index based on K
10.1016/j.ygeno.2020.08.006	salinity tolerance index based on membrane stability index
10.1016/j.ygeno.2020.08.006	salinity tolerance index based on total fresh weight
10.1016/j.ygeno.2020.08.006	salinity tolerance index based on Na/K ratio
10.1186/s12870-017-1131-2	number of fertile spikes
10.1186/s12870-017-1131-2	plant height
10.1186/s12870-017-1131-2	peduncle length
10.1186/s12870-017-1131-2	kernels per spike
10.1186/s12870-017-1131-2	None
10.1186/s12870-017-1131-2	yield per plant
10.1186/s12870-017-1131-2	days to maturity
10.1186/s12870-017-1131-2	thermal time at heading
10.1186/s12870-017-1131-2	thousand kernel weight
10.1186/s12870-017-1131-2	days to booting
10.1186/s12870-023-04306-8	fusarium damaged kernels
10.1186/s12870-023-04306-8	fusarium head blight incidence (2019)
10.1186/s12870-023-04306-8	fusarium head blight severity
10.1186/s12870-023-04306-8	fusarium head blight index
10.1186/s12870-023-04306-8	deoxynivalenol content
10.2135/cropsci2017.07.0423	spikelets per head
10.2135/cropsci2017.07.0423	sodium dodecyl sulfate sedimentation
10.2135/cropsci2017.07.0423	days to heading
10.2135/cropsci2017.07.0423	thousand-kernel weight
10.2135/cropsci2017.07.0423	peduncle length
10.2135/cropsci2017.07.0423	kernels per spike
10.2135/cropsci2017.07.0423	plant height
10.2135/cropsci2017.07.0423	whole-grain protein concentration
10.2135/cropsci2017.07.0423	test weight
10.2135/cropsci2017.07.0423	grain yield
10.2135/cropsci2017.07.0423	spike length
10.2135/cropsci2017.07.0423	harvest index
10.2135/cropsci2017.07.0423	stem solidness
10.2135/cropsci2017.07.0423	days to maturity
10.2135/cropsci2017.07.0423	days to anthesis
10.2135/cropsci2017.07.0423	grain-filling duration
10.3389/fgene.2021.663941	ratio of shoot height under salt stress and control
10.3389/fgene.2021.663941	ratio of shoot dry weight under salt stress and control
10.3389/fgene.2021.663941	ratio of root fresh weigh under salt stress and control
10.3389/fgene.2021.663941	ratio of shoot Na/K ratio under salt stress and control
10.3389/fgene.2021.663941	ratio of shoot Na content under salt stress and control
10.3389/fgene.2021.663941	ratio of shoot K content under salt stress and control
10.3389/fgene.2021.663941	ratio of root length under salt stress and control
10.3389/fgene.2021.663941	ratio of shoot fresh weight under salt stress and control