DOI	PDF	Traits	Secondary
10.1002/csc2.20739	Semagnetal2022Genome-wideassociationmappingofagronomictraitsCropSci	Agronomic	Agronomic
10.1007/s00122-014-2435-3	s00122-014-2435-3	Agronomic	Agronomic
10.1007/s00122-015-2492-2	s00122-015-2492-2	Rust	Biotic
10.1007/s00122-020-03657-2	s00122-020-03657-2	Rust	Biotic
10.1007/s00122-020-03687-w	s00122-020-03687-w	Agronomic	Agronomic
10.1007/s00122-021-03769-3	s00122-021-03769-3	Rust	Biotic
10.1007/s00122-021-03996-8	s00122-021-03996-8	Salinity	Abiotic
10.1007/s00122-021-04003-w	s00122-021-04003-w-1	Rust	Biotic
10.1007/s00122-022-04037-8	s00122-022-04037-8-1	Rust	Biotic
10.1007/s00122-022-04109-9	s00122-022-04109-9	Path	Biotic
10.1007/s00122-022-04171-3	s00122-022-04171-3	Path	Biotic
10.1007/s00122-022-04202-z	s00122-022-04202-z	Path	Biotic
10.1007/s00122-022-04210-z	s00122-022-04210-z-1	Path	Biotic
10.1007/s10142-018-0630-z	s10142-018-0630-z	Agronomic	Agronomic
10.1007/s11032-011-9565-y	s11032-011-9565-y	Path	Biotic
10.1007/s11105-022-01341-x	s11105-022-01341-x	Salinity	Abiotic
10.1016/j.ygeno.2020.08.006	1-s2.0-S0888754320305802-main	Salinity	Abiotic
10.1186/s12870-017-1131-2	s12870-017-1131-2	Agronomic	Agronomic
10.1186/s12870-023-04306-8	s12870-023-04306-8-1	Path	Biotic
10.2135/cropsci2017.07.0423	cropsci2017.07.0423	Agronomic	Agronomic
10.3389/fgene.2021.663941	fgene-12-663941	Salinity	Abiotic
10.3390/agronomy12112839	agronomy-12-02839	Micronutrient	Agronomic
10.3389/fpls.2021.711654	fpls-12-711654	Waterlogging	Abiotic
10.3389/fpls.2022.1004477	fpls-13-1004477	Salinity	Abiotic
10.1002/jsfa.9485	J Sci Food Agric - 2018 - Daba	Malt Quality	Agronomic
10.1016/j.csbj.2023.10.014	PIIS2001037023003707	Path	Biotic
10.1111/pbr.13121	Plant Breeding - 2023 - Sallam	Path	Biotic
10.1007/s00122-020-03599-9	s00122-020-03599-9	Path	Biotic
10.1007/s00122-020-03733-7	s00122-020-03733-7	Path	Biotic
10.1007/s00122-023-04267-4	s00122-023-04267-4	Salinity	Abiotic
10.1007/s00122-023-04449-0	s00122-023-04449-0	Sprouting	Agronomic
10.1007/s00122-024-04542-y	s00122-024-04542-y	Path	Biotic
10.1007/s11103-024-01489-y	s11103-024-01489-y	Salinity	Abiotic
10.1002/tpg2.20247	The Plant Genome - 2022 - Rooney	Dormancy	Agronomic
s00122-024-04778-8	s00122-024-04778-8	Agronomic	Agronomic
10.1094/PHYTO-06-23-0192-R	phyto-06-23-0192-r	Biotic	Biotic