doi	trait
10.1002/csc2.20739	maturity
10.1002/csc2.20739	plant height
10.1002/csc2.20739	test weight
10.1002/csc2.20739	heading
10.1002/csc2.20739	thousand-kernel weight
10.1002/csc2.20739	lodging score
10.1002/csc2.20739	grain protein content
10.1002/csc2.20739	grain yield
10.1007/s00122-014-2435-3	plant height
10.1007/s00122-014-2435-3	peduncle length
10.1007/s00122-014-2435-3	harvest index
10.1007/s00122-014-2435-3	days to maturity
10.1007/s00122-014-2435-3	chlorophyll index (SPAD) at vegetative stage
10.1007/s00122-014-2435-3	chlorophyll index (SPAD) at the grain filling stage
10.1007/s00122-014-2435-3	grain yield per square metre
10.1007/s00122-014-2435-3	biomass at harvest
10.1007/s00122-014-2435-3	normalized difference vegetation index (NDVI) at vegetative stage
10.1007/s00122-014-2435-3	normalized difference vegetation index (NDVI) at grain filling stage
10.1007/s00122-014-2435-3	days to anthesis
10.1007/s00122-014-2435-3	days to heading
10.1007/s00122-014-2435-3	thousand kernel weight
10.1007/s00122-014-2435-3	grain number per square metre
10.1007/s00122-014-2435-3	canopy temperature at vegetative stage
10.1007/s00122-014-2435-3	canopy temperature at grain-filling
10.1007/s00122-015-2492-2	stripe rust seedling response
10.1007/s00122-015-2492-2	stripe rust infection type
10.1007/s00122-015-2492-2	stripe rust disease severity
10.1007/s00122-020-03657-2	infection type
10.1007/s00122-020-03657-2	infected leaf area
10.1007/s00122-020-03657-2	leaf rust resistance
10.1007/s00122-020-03657-2	average ordinate
10.1007/s00122-020-03687-w	thousand-grain weight normal-sown
10.1007/s00122-020-03687-w	stress susceptibility index
10.1007/s00122-020-03687-w	thousand-grain weight late-sown
10.1007/s00122-021-03769-3	infection types
10.1007/s00122-021-03769-3	leaf rust maximum disease severity score at adult plant stage
10.1007/s00122-021-03769-3	stripe rust maximum disease severity score at adult plant stage
10.1007/s00122-021-03769-3	leaf rust maximum disease severity score at seedling stage
10.1007/s00122-021-03769-3	stripe rust maximum disease severity score at seedling stage
10.1007/s00122-021-03996-8	salinity damage score
10.1007/s00122-021-03996-8	shoot Na+ and K+ content
10.1007/s00122-021-03996-8	K+/Na+ ratios
10.1007/s00122-021-04003-w	sulphur
10.1007/s00122-021-04003-w	leaf rust
10.1007/s00122-021-04003-w	manganese
10.1007/s00122-021-04003-w	phosphorus
10.1007/s00122-021-04003-w	magnesium
10.1007/s00122-021-04003-w	zinc
10.1007/s00122-021-04003-w	stripe rust
10.1007/s00122-021-04003-w	potassium
10.1007/s00122-021-04003-w	iron
10.1007/s00122-021-04003-w	calcium
10.1007/s00122-021-04003-w	boron
10.1007/s00122-021-04003-w	copper
10.1007/s00122-022-04037-8	seedling stripe rust resistance
10.1007/s00122-022-04109-9	deoxynivalenol content
10.1007/s00122-022-04109-9	fusarium head blight
10.1007/s00122-022-04109-9	anther extrusion
10.1007/s00122-022-04109-9	Plant height
10.1007/s00122-022-04109-9	Days to heading
10.1007/s00122-022-04109-9	DON corrected for plant height and days to heading
10.1007/s00122-022-04109-9	FHB disease severity corrected for plant height and days to heading
10.1007/s00122-022-04109-9	Days to anthesis
10.1007/s00122-022-04109-9	Anther retention
10.1007/s00122-022-04171-3	normalized incidences of dwarf bunt
10.1007/s00122-022-04171-3	normalized incidences of common bunt
10.1007/s00122-022-04171-3	plant height
10.1007/s00122-022-04171-3	heading date
10.1007/s00122-022-04202-z	stripe rust severity
10.1007/s00122-022-04210-z	Consistent septoria nodorum resistance or sensitivity
10.1007/s00122-022-04210-z	plant height
10.1007/s00122-022-04210-z	days to heading
10.1007/s10142-018-0630-z	Root dry matter
10.1007/s10142-018-0630-z	Branched root
10.1007/s10142-018-0630-z	total seminal root length
10.1007/s10142-018-0630-z	root diameter
10.1007/s10142-018-0630-z	Seminal axis length
10.1007/s11032-011-9565-y	fusarium head blight
10.1007/s11105-022-01341-x	plant height
10.1007/s11105-022-01341-x	number of days to heading
10.1007/s11105-022-01341-x	thousand kernel weight
10.1007/s11105-022-01341-x	spike number per plant
10.1007/s11105-022-01341-x	grain yield per plant
10.1007/s11105-022-01341-x	spike length
10.1007/s11105-022-01341-x	leaf chlorophyll content
10.1007/s11105-022-01341-x	Stress tolerance index
10.1007/s11105-022-01341-x	Stress tolerance
10.1007/s11105-022-01341-x	Stress susceptibility index
10.1007/s11105-022-01341-x	Yield stability index
10.1007/s11105-022-01341-x	well-irrigated conditions
10.1007/s11105-022-01341-x	salt-stressed conditions
10.1016/j.ygeno.2020.08.006	salinity tolerance index based on root dry weight
10.1016/j.ygeno.2020.08.006	salinity tolerance index based on shoot dry weight
10.1016/j.ygeno.2020.08.006	salinity tolerance index based on total biomass
10.1016/j.ygeno.2020.08.006	salinity tolerance index based on root shoot ratio (R/S)
10.1016/j.ygeno.2020.08.006	salinity tolerance index based on Na
10.1016/j.ygeno.2020.08.006	salinity tolerance index based on root length
10.1016/j.ygeno.2020.08.006	salinity tolerance index based on shoot length
10.1016/j.ygeno.2020.08.006	salinity tolerance index based on leaf chlorophyll content
10.1016/j.ygeno.2020.08.006	salinity tolerance index based on K
10.1016/j.ygeno.2020.08.006	salinity tolerance index based on membrane stability index
10.1016/j.ygeno.2020.08.006	salinity tolerance index based on total fresh weight
10.1016/j.ygeno.2020.08.006	salinity tolerance index based on Na/K ratio
10.1186/s12870-017-1131-2	number of fertile spikes
10.1186/s12870-017-1131-2	plant height
10.1186/s12870-017-1131-2	peduncle length
10.1186/s12870-017-1131-2	number of kernels per spike
10.1186/s12870-017-1131-2	yield per plant
10.1186/s12870-017-1131-2	days to maturity
10.1186/s12870-017-1131-2	days to heading time
10.1186/s12870-017-1131-2	thousand kernel weight
10.1186/s12870-017-1131-2	thermal time at maturity
10.1186/s12870-017-1131-2	thermal time at heading
10.1186/s12870-017-1131-2	dry biomass per plant
10.1186/s12870-017-1131-2	days to booting
10.1186/s12870-023-04306-8	fusarium damaged kernels
10.1186/s12870-023-04306-8	fusarium head blight incidence (2019)
10.1186/s12870-023-04306-8	fusarium head blight severity
10.1186/s12870-023-04306-8	fusarium head blight index
10.1186/s12870-023-04306-8	deoxynivalenol content
10.2135/cropsci2017.07.0423	spikelets per head
10.2135/cropsci2017.07.0423	sodium dodecyl sulfate sedimentation
10.2135/cropsci2017.07.0423	days to heading
10.2135/cropsci2017.07.0423	thousand-kernel weight
10.2135/cropsci2017.07.0423	peduncle length
10.2135/cropsci2017.07.0423	kernels per spike
10.2135/cropsci2017.07.0423	plant height
10.2135/cropsci2017.07.0423	whole-grain protein concentration
10.2135/cropsci2017.07.0423	test weight
10.2135/cropsci2017.07.0423	grain yield
10.2135/cropsci2017.07.0423	spike length
10.2135/cropsci2017.07.0423	harvest index
10.2135/cropsci2017.07.0423	stem solidness
10.2135/cropsci2017.07.0423	days to maturity
10.2135/cropsci2017.07.0423	days to anthesis
10.2135/cropsci2017.07.0423	tiller number
10.2135/cropsci2017.07.0423	grain-filling duration
10.3389/fgene.2021.663941	ratio of shoot height under salt stress and control
10.3389/fgene.2021.663941	ratio of root dry weight under salt stress and control
10.3389/fgene.2021.663941	ratio of shoot dry weight under salt stress and control
10.3389/fgene.2021.663941	ratio of root fresh weigh under salt stress and control
10.3389/fgene.2021.663941	ratio of shoot Na/K ratio under salt stress and control
10.3389/fgene.2021.663941	ratio of shoot Na content under salt stress and control
10.3389/fgene.2021.663941	ratio of shoot K content under salt stress and control
10.3389/fgene.2021.663941	ratio of root length under salt stress and control
10.3389/fgene.2021.663941	ratio of shoot fresh weight under salt stress and control
10.3390/agronomy12112839	boron
10.3390/agronomy12112839	calcium
10.3390/agronomy12112839	copper
10.3390/agronomy12112839	iron
10.3390/agronomy12112839	potassium
10.3390/agronomy12112839	magnesium
10.3390/agronomy12112839	manganese
10.3390/agronomy12112839	phosphorus
10.3390/agronomy12112839	zinc
10.3389/fpls.2021.711654	above-ground dry Biomass
10.3389/fpls.2021.711654	number of spikes per plant
10.3389/fpls.2021.711654	number of grains per plant
10.3389/fpls.2021.711654	kernel weight per plant
10.3389/fpls.2021.711654	plant height
10.3389/fpls.2021.711654	chlorophyll a+b content
10.3389/fpls.2021.711654	chlorophyll carotenoids content
10.3389/fpls.2021.711654	waterlogging score
10.3389/fpls.2022.1004477	plant height
10.3389/fpls.2022.1004477	fresh weight
10.3389/fpls.2022.1004477	dry weight
10.3389/fpls.2022.1004477	Na+ content
10.3389/fpls.2022.1004477	K+ content
10.3389/fpls.2022.1004477	salt tolerance
10.1002/jsfa.9485	a-amylase activity
10.1002/jsfa.9485	diastatic power
10.1002/jsfa.9485	malt extract
10.1002/jsfa.9485	free amino nitrogen
10.1002/jsfa.9485	kolbach index
10.1002/jsfa.9485	soluble protein
10.1002/jsfa.9485	wort B-glucan
10.1002/jsfa.9485	wort viscosity
10.1002/jsfa.9485	wort color
10.1016/j.csbj.2023.10.014	powdery mildew resistance
10.1016/j.csbj.2023.10.014	net blotch resistance
10.1016/j.csbj.2023.10.014	plant height
10.1016/j.csbj.2023.10.014	seed weight
10.1016/j.csbj.2023.10.014	spike length
10.1016/j.csbj.2023.10.014	number of spikelets
10.1094/PHYTO-06-23-0192-R	HF resistance
10.1111/pbr.13121	FHB resistance
10.1111/pbr.13121	DON accumulation
10.1111/pbr.13121	heading date
10.1111/pbr.13121	plant height
10.1111/pbr.13121	spike angle
10.1111/pbr.13121	rachis node number
10.1111/pbr.13121	kernels per spike
10.1111/pbr.13121	spike density
10.1007/s00122-020-03599-9	percentage of diseased leaf area
10.1007/s00122-020-03733-7	mosaic symptom score
10.1007/s00122-020-03733-7	double antibody sandwich enzyme-linked immunosorbent assay
10.1007/s00122-020-03733-7	Virus particles estimated
10.1007/s00122-023-04267-4	leaf chlorosis
10.1007/s00122-023-04267-4	plant survival
10.1007/s00122-023-04267-4	damage score
10.1007/s00122-023-04267-4	Na+ content
10.1007/s00122-023-04449-0	Germination index
10.1007/s00122-024-04542-y	double-antibody sandwich-enzyme-linked immunosorbent assay
10.1007/s00122-024-04542-y	viral content
10.1007/s11103-024-01489-y	superoxide dismutase
10.1007/s11103-024-01489-y	catalase
10.1007/s11103-024-01489-y	ascorbate peroxidase
10.1007/s11103-024-01489-y	glutathione reductase
10.1007/s11103-024-01489-y	glutathione
10.1007/s11103-024-01489-y	ascorbic acid
10.1007/s11103-024-01489-y	control (saline soil)
10.1007/s11103-024-01489-y	potassium nanoparticles
10.1007/s11103-024-01489-y	spike length
10.1007/s11103-024-01489-y	spikelets per spike
10.1007/s11103-024-01489-y	grains per spike
10.1007/s11103-024-01489-y	weight of grains per spike
10.1007/s11103-024-01489-y	thousand kernel weight
10.1002/tpg2.20247	Germination Rate
10.1002/tpg2.20247	Germination Percent
10.1007/s00122-024-04778-8	Kernel Length
10.1007/s00122-024-04778-8	Kernel Width
10.1007/s00122-024-04778-8	Thousand Grain Weight
10.1007/s00122-024-04778-8	Grain Number per Spike
10.1007/s00122-024-04778-8	Heading Days
10.1007/s00122-024-04778-8	Grain Weight Per Spike